DateTime,Open,High,Low,Close,Volume,RSI,EMA21,EMA51,Diff,CrossSignal,SL,TP
2024-12-27 00:30:00,2632.41,2632.988,2631.303,2631.663,767,40.45423169990305,2633.8816666666658,,,0.0,2631.303,2631.269
2024-12-27 00:45:00,2631.669,2632.237,2631.341,2631.387,832,39.48948376936708,2633.744095238095,,,0.0,2631.341,2631.444
2024-12-27 01:00:00,2631.351,2633.83,2630.773,2632.778,1966,46.42409537679533,2633.6496666666662,,,0.0,2630.773,2632.154
2024-12-27 01:15:00,2632.741,2633.866,2631.008,2631.269,1364,40.94243922144991,2633.528571428571,,,0.0,2631.008,2629.917
2024-12-27 01:30:00,2631.276,2632.161,2630.624,2631.444,1366,41.800700638169204,2633.4050476190473,,,0.0,2630.624,2630.082
2024-12-27 01:45:00,2631.39,2633.698,2631.365,2632.154,1316,45.27550854787067,2633.2507142857144,,,0.0,2631.365,2629.546
2024-12-27 02:00:00,2632.128,2632.268,2629.702,2629.917,1336,37.64851740292483,2633.011047619048,,,0.0,2629.702,2632.931
2024-12-27 02:15:00,2629.887,2631.088,2629.595,2630.082,1039,38.4718333419094,2632.7543333333338,,,0.0,2629.595,2632.61
2024-12-27 02:30:00,2630.008,2630.809,2628.886,2629.546,1430,36.77313626855745,2632.4690952380956,,,0.0,2628.886,2632.83
2024-12-27 02:45:00,2629.562,2633.738,2629.449,2632.931,1556,51.37507616743263,2632.403380952381,,,0.0,2629.449,2634.211
2024-12-27 03:00:00,2632.911,2633.089,2631.647,2632.61,1340,50.1913031643873,2632.317904761905,,,0.0,2631.647,2633.709
2024-12-27 03:15:00,2632.618,2633.444,2631.8,2632.83,1399,51.0242162382781,2632.273285714286,,,0.0,2631.8,2632.936
2024-12-27 03:30:00,2632.823,2635.512,2632.758,2634.211,1663,55.998367321004004,2632.277190476191,,,0.0,2632.758,2632.717
2024-12-27 03:45:00,2634.211,2634.715,2633.709,2633.709,1047,53.85707925432488,2632.262571428572,,,0.0,2633.709,2633.589
2024-12-27 04:00:00,2633.744,2633.851,2632.144,2632.936,970,50.64562231046168,2632.2363809523818,,,0.0,2632.144,2633.495
2024-12-27 04:15:00,2632.967,2633.615,2631.975,2632.717,998,49.740681156522434,2632.2377619047625,,,0.0,2631.975,2632.994
2024-12-27 04:30:00,2632.681,2633.854,2632.391,2633.589,806,53.317443710431625,2632.2865714285717,,,0.0,2632.391,2633.753
2024-12-27 04:45:00,2633.571,2634.0,2632.993,2633.495,622,52.88056024198893,2632.2886666666673,,,0.0,2632.993,2632.681
2024-12-27 05:00:00,2633.513,2634.236,2632.933,2632.994,820,50.50521326793802,2632.303428571429,,,0.0,2632.933,2631.342
2024-12-27 05:15:00,2633.001,2634.01,2632.684,2633.753,797,53.88480176271961,2632.3100000000004,,,0.0,2632.684,2633.763
2024-12-27 05:30:00,2633.753,2634.166,2632.52,2632.681,1250,48.81495374210914,2632.3188571428573,2632.8962549019607,-0.5773977591034054,0.0,2632.52,2636.505
2024-12-27 05:45:00,2632.686,2632.895,2631.338,2631.342,1057,43.33095454557662,2632.3035714285716,2632.829196078432,-0.5256246498602195,0.0,2631.338,2635.064
2024-12-27 06:00:00,2631.311,2633.945,2631.256,2633.763,1201,53.502232022754704,2632.416714285714,2632.834627450981,-0.417913165266782,0.0,2631.256,2634.694
2024-12-27 06:15:00,2633.75,2637.029,2633.75,2636.505,1481,61.85333004183901,2632.5941904761903,2632.9022745098046,-0.3080840336142501,0.0,2633.75,2636.659
2024-12-27 06:30:00,2636.553,2636.993,2634.001,2635.064,1608,56.14625619853718,2632.7749047619045,2632.9600392156876,-0.185134453783121,0.0,2634.001,2636.347
2024-12-27 06:45:00,2635.046,2635.627,2633.776,2634.694,1223,54.74939844038945,2632.9296666666664,2633.0418627450986,-0.11219607843213453,0.0,2633.776,2635.598
2024-12-27 07:00:00,2634.742,2637.493,2633.955,2636.659,1611,60.38609380536754,2633.14419047619,2633.201156862746,-0.0569663865558141,0.0,2633.955,2633.638
2024-12-27 07:15:00,2636.625,2637.716,2636.102,2636.347,1554,59.12670278963317,2633.4503809523803,2633.3122745098053,0.13810644257500826,1.0,2636.102,2629.503
2024-12-27 07:30:00,2636.307,2638.314,2635.251,2635.598,1542,56.10179382920689,2633.713047619047,2633.434686274511,0.2783613445358242,0.0,2635.251,2629.534
2024-12-27 07:45:00,2635.593,2636.024,2633.127,2633.638,1282,49.03256276538953,2633.907904761904,2633.474392156864,0.4335126050400504,0.0,2633.127,2628.068
2024-12-27 08:00:00,2633.599,2633.599,2627.88,2629.503,1941,38.11949809060246,2633.744666666666,2633.3659019607853,0.3787647058807124,0.0,2627.88,2626.195
2024-12-27 08:15:00,2629.555,2630.016,2627.434,2629.534,1896,38.23049403921663,2633.5981904761898,2633.2729215686286,0.325268907561167,0.0,2627.434,2625.817
2024-12-27 08:30:00,2629.54,2630.14,2627.951,2628.068,1307,35.030449860960424,2633.3714285714277,2633.141686274511,0.22974229691681103,0.0,2627.951,2627.193
2024-12-27 08:45:00,2628.07,2628.122,2626.072,2626.195,1356,31.412690398453613,2632.989714285713,2632.9923333333345,-0.0026190476214651426,-1.0,2626.072,2624.819
2024-12-27 09:00:00,2626.198,2627.18,2625.192,2625.817,1304,30.723089893274697,2632.6139047619035,2632.8311372549033,-0.21723249299975578,0.0,2625.192,2624.044
2024-12-27 09:15:00,2625.822,2627.707,2625.044,2627.193,1164,36.21265896011199,2632.3404285714273,2632.6703137254917,-0.32988515406441365,0.0,2625.044,2625.81
2024-12-27 09:30:00,2627.18,2627.18,2624.488,2624.819,1182,31.56529616302995,2631.9643333333324,2632.4716666666677,-0.5073333333352821,0.0,2624.488,2627.158
2024-12-27 09:45:00,2624.81,2625.319,2623.635,2624.044,1184,30.20260861170919,2631.5098095238086,2632.247568627452,-0.7377591036433842,0.0,2623.635,2625.165
2024-12-27 10:00:00,2624.011,2625.81,2623.694,2625.81,1156,36.88862925341046,2631.143857142856,2632.056862745099,-0.9130056022427198,0.0,2623.694,2626.676
2024-12-27 10:15:00,2625.798,2627.307,2625.337,2627.158,1124,41.495457149177895,2630.8659523809515,2631.9166078431385,-1.0506554621870237,0.0,2625.337,2626.423
2024-12-27 10:30:00,2627.121,2628.063,2623.452,2625.165,1552,37.17484189114377,2630.4569999999994,2631.7354313725505,-1.2784313725510401,0.0,2623.452,2626.156
2024-12-27 10:45:00,2625.16,2626.901,2624.928,2626.676,1176,42.09733841059461,2630.171047619047,2631.5963921568646,-1.4253445378176366,0.0,2624.928,2627.72
2024-12-27 11:00:00,2626.711,2626.856,2625.132,2626.423,1263,41.51085697839997,2629.936809523809,2631.445294117649,-1.5084845938399667,0.0,2625.132,2628.642
2024-12-27 11:15:00,2626.45,2627.459,2626.009,2626.156,1256,40.86384212655712,2629.5745714285713,2631.29117647059,-1.7166050420187275,0.0,2626.009,2630.432
2024-12-27 11:30:00,2626.123,2627.724,2625.746,2627.72,1005,46.15785590325612,2629.156238095238,2631.1781176470604,-2.021879551822167,0.0,2625.746,2628.733
2024-12-27 11:45:00,2627.715,2628.856,2627.293,2628.642,1251,49.05337376196045,2628.850428571429,2631.0987843137273,-2.248355742298372,0.0,2627.293,2627.619
2024-12-27 12:00:00,2628.638,2630.633,2628.308,2630.432,1348,54.20270172968019,2628.6474761904765,2631.0569803921585,-2.4095042016820116,0.0,2628.308,2626.228
2024-12-27 12:15:00,2630.439,2631.575,2628.091,2628.733,1485,49.127166238984806,2628.2700476190475,2630.964470588237,-2.694422969189418,0.0,2628.091,2625.811
2024-12-27 12:30:00,2628.761,2629.865,2627.437,2627.619,1570,46.080304349384015,2627.8544285714283,2630.8651568627465,-3.0107282913181734,0.0,2627.437,2620.648
2024-12-27 12:45:00,2627.657,2628.338,2625.658,2626.228,1278,42.53311126137684,2627.408238095238,2630.720313725492,-3.31207563025373,0.0,2625.658,2621.267
2024-12-27 13:00:00,2626.294,2626.697,2621.515,2625.811,3189,41.50170668116352,2627.035523809524,2630.5892549019622,-3.5537310924382837,0.0,2621.515,2618.778
2024-12-27 13:15:00,2625.855,2627.277,2619.883,2620.648,3000,31.361452776772115,2626.613857142858,2630.3732745098055,-3.759417366947673,0.0,2619.883,2616.597
2024-12-27 13:30:00,2620.649,2621.866,2618.052,2621.267,2560,33.460562805078865,2626.220190476191,2630.174843137256,-3.954652661065211,0.0,2618.052,2614.956
2024-12-27 13:45:00,2621.292,2622.676,2618.778,2618.778,2598,29.5475797671221,2625.77780952381,2629.900333333335,-4.122523809524864,0.0,2618.778,2616.328
2024-12-27 14:00:00,2618.828,2619.414,2614.976,2616.597,2900,26.61094172744871,2625.3207619047625,2629.612647058825,-4.291885154062584,0.0,2614.976,2615.761
2024-12-27 14:15:00,2616.617,2618.914,2614.229,2614.956,2288,24.627639528211226,2624.8035714285716,2629.2893529411785,-4.485781512606991,0.0,2614.229,2615.094
2024-12-27 14:30:00,2614.926,2616.728,2611.579,2616.328,4540,29.367478357344524,2624.2861904761908,2628.9790392156883,-4.692848739497549,0.0,2611.579,2614.838
2024-12-27 14:45:00,2616.297,2618.215,2615.083,2615.761,3289,28.56793156437632,2623.8548571428573,2628.7014705882375,-4.8466134453801715,0.0,2615.083,2617.161
2024-12-27 15:00:00,2615.718,2618.431,2613.665,2615.094,3235,27.615449506656496,2623.4286666666667,2628.4075882352968,-4.978921568630085,0.0,2613.665,2618.134
2024-12-27 15:15:00,2615.122,2617.557,2613.893,2614.838,2877,27.24005765299004,2622.9061904761907,2628.1191960784336,-5.213005602242902,0.0,2613.893,2616.683
2024-12-27 15:30:00,2614.801,2617.767,2612.897,2617.161,2540,35.77205447899389,2622.430142857143,2627.8099803921586,-5.3798375350156675,0.0,2612.897,2618.993
2024-12-27 15:45:00,2617.199,2619.471,2616.882,2618.134,2102,38.9986610961628,2622.095333333333,2627.526137254904,-5.430803921570714,0.0,2616.882,2617.589
2024-12-27 16:00:00,2618.174,2619.054,2616.369,2616.683,1856,36.08717865671143,2621.6194761904762,2627.2095294117667,-5.590053221290418,0.0,2616.369,2617.898
2024-12-27 16:15:00,2616.723,2619.501,2615.294,2618.993,1836,43.339456955230965,2621.2656666666667,2626.9111372549037,-5.6454705882370035,0.0,2615.294,2615.481
2024-12-27 16:30:00,2619.011,2619.253,2616.795,2617.589,1900,40.34308715175089,2620.857714285714,2626.595058823531,-5.73734453781708,0.0,2616.795,2615.888
2024-12-27 16:45:00,2617.624,2619.798,2616.992,2617.898,1850,41.30489841823765,2620.39,2626.300196078433,-5.910196078433273,0.0,2616.992,2616.002
2024-12-27 17:00:00,2617.932,2618.303,2614.972,2615.481,1667,36.36602623854322,2619.7632857142853,2625.962235294119,-6.198949579833879,0.0,2614.972,2615.839
2024-12-27 17:15:00,2615.517,2616.745,2614.91,2615.888,2052,37.71654726557735,2619.070714285714,2625.6151568627465,-6.5444425770324415,0.0,2614.91,2617.846
2024-12-27 17:30:00,2615.903,2616.452,2614.083,2616.002,2081,38.11274197561286,2618.464476190476,2625.272156862747,-6.80768067227109,0.0,2614.083,2616.959
2024-12-27 17:45:00,2615.996,2616.22,2614.479,2615.839,1677,37.743049665059324,2617.9035238095234,2624.9357843137273,-7.032260504203805,0.0,2614.479,2619.61
2024-12-27 18:00:00,2615.877,2617.917,2615.287,2617.846,1499,44.83807698544907,2617.5043809523804,2624.623882352943,-7.119501400562513,0.0,2615.287,2618.689
2024-12-27 18:15:00,2617.822,2617.955,2615.691,2616.959,1519,42.53114780098484,2617.0828571428565,2624.315607843139,-7.232750700282395,0.0,2615.691,2617.599
2024-12-27 18:30:00,2616.995,2620.148,2616.995,2619.61,1440,50.69586940932837,2617.033428571428,2624.085568627452,-7.0521400560242,0.0,2616.995,2618.643
2024-12-27 18:45:00,2619.617,2619.85,2618.024,2618.689,1164,48.13714354276832,2616.910666666666,2623.7900000000013,-6.879333333335126,0.0,2618.024,2619.456
2024-12-27 19:00:00,2618.667,2618.918,2617.511,2617.599,1383,45.22771697068913,2616.8545238095235,2623.419294117648,-6.56477030812448,0.0,2617.511,2620.685
2024-12-27 19:15:00,2617.622,2618.938,2617.417,2618.643,1189,48.44198408953317,2616.951952380952,2623.097313725491,-6.145361344538742,0.0,2617.417,2615.172
2024-12-27 19:30:00,2618.61,2619.594,2618.432,2619.456,987,50.860381306600566,2617.166238095238,2622.798529411766,-5.632291316528153,0.0,2618.432,2613.238
2024-12-27 19:45:00,2619.459,2621.394,2619.448,2620.685,1034,54.34656985862271,2617.373714285714,2622.4853137254913,-5.111599439777365,0.0,2619.448,2613.446
2024-12-27 20:00:00,2620.719,2620.848,2614.908,2615.172,1389,40.474973184989906,2617.345666666666,2622.0701176470593,-4.724450980393158,0.0,2614.908,2615.499
2024-12-27 20:15:00,2615.211,2615.854,2613.173,2613.238,1271,36.915271964083395,2617.2572857142854,2621.6316862745107,-4.37440056022524,0.0,2613.173,2616.474
2024-12-27 20:30:00,2613.221,2614.677,2612.712,2613.446,1760,37.55139521002116,2617.1909999999993,2621.235764705883,-4.044764705883608,0.0,2612.712,2616.223
2024-12-27 20:45:00,2613.491,2616.934,2613.491,2615.499,1801,43.596871504411205,2617.1118571428565,2620.961176470589,-3.849319327732701,0.0,2613.491,2618.937
2024-12-27 21:00:00,2615.458,2616.486,2615.32,2616.474,754,46.25774377386558,2617.032809523809,2620.705098039217,-3.672288515407672,0.0,2615.32,2621.623
2024-12-27 21:15:00,2616.471,2616.743,2615.823,2616.223,568,45.66054933451517,2617.0109047619044,2620.472843137256,-3.461938375351565,0.0,2615.823,2623.044
2024-12-27 21:30:00,2616.193,2618.937,2615.861,2618.937,719,52.76195084230648,2617.0082380952376,2620.330529411766,-3.322291316528208,0.0,2615.861,2623.857
2024-12-27 21:45:00,2618.948,2621.98,2618.656,2621.623,1537,58.53717168450746,2617.2003333333328,2620.248294117648,-3.0479607843153644,0.0,2618.656,2624.76
2024-12-29 23:00:00,2621.977,2623.301,2621.632,2623.044,874,61.23717801302543,2617.44538095238,2620.1669411764715,-2.721560224091263,0.0,2621.632,2624.035
2024-12-29 23:15:00,2623.001,2626.102,2622.446,2623.857,1180,62.73244223892777,2617.844238095238,2620.1480784313735,-2.303840336135636,0.0,2622.446,2624.322
2024-12-29 23:30:00,2623.831,2624.794,2622.48,2624.76,810,64.37615250351865,2618.266714285714,2620.1621176470603,-1.8954033613463253,0.0,2622.48,2624.207
2024-12-29 23:45:00,2624.772,2626.159,2623.753,2624.035,1146,62.01132071489324,2618.6492380952377,2620.1273137254916,-1.4780756302538975,0.0,2623.753,2623.601
2024-12-30 00:00:00,2624.08,2625.489,2623.781,2624.322,905,62.59706690363062,2619.05319047619,2620.0717058823543,-1.0185154061641697,0.0,2623.781,2622.555
2024-12-30 00:15:00,2624.384,2624.408,2623.041,2624.207,781,62.18332468251816,2619.356095238095,2620.0529215686292,-0.6968263305343498,0.0,2623.041,2623.537
2024-12-30 00:30:00,2624.225,2624.365,2622.778,2623.601,734,59.93521551810189,2619.6723809523805,2619.9926274509817,-0.3202464986011364,0.0,2622.778,2625.298
2024-12-30 00:45:00,2623.62,2623.905,2621.453,2622.555,896,56.16103796515029,2619.8126190476187,2619.916784313727,-0.10416526610833898,0.0,2621.453,2625.762
2024-12-30 01:00:00,2622.592,2624.804,2622.113,2623.537,2920,58.785014198997665,2620.0434761904758,2619.8654313725506,0.17804481792518345,1.0,2622.113,2624.346
2024-12-30 01:15:00,2623.57,2626.285,2623.57,2625.298,1662,63.05554139995334,2620.410095238095,2619.8179411764722,0.5921540616227503,0.0,2623.57,2623.673
2024-12-30 01:30:00,2625.373,2626.833,2624.77,2625.762,1649,64.11073986592596,2620.7490952380954,2619.761470588237,0.9876246498583896,0.0,2624.77,2623.89
2024-12-30 01:45:00,2625.762,2626.24,2623.928,2624.346,1381,58.60924250323792,2620.9819523809524,2619.6421372549034,1.3398151260489612,0.0,2623.928,2623.795
2024-12-30 02:00:00,2624.359,2624.359,2622.36,2623.673,1437,56.1432912737191,2621.124238095238,2619.542921568629,1.5813165266090436,0.0,2622.36,2623.965
2024-12-30 02:15:00,2623.711,2624.47,2622.979,2623.89,958,56.774807714791265,2621.539380952381,2619.46980392157,2.0695770308111605,0.0,2622.979,2624.787
2024-12-30 02:30:00,2623.907,2625.498,2623.403,2623.795,1311,56.39197023532204,2622.0420952380955,2619.4220980392174,2.6199971988780817,0.0,2623.403,2627.077
2024-12-30 02:45:00,2623.846,2624.896,2623.003,2623.965,1385,56.951377414623316,2622.543,2619.385901960786,3.1570980392139063,0.0,2623.003,2626.926
2024-12-30 03:00:00,2623.93,2625.254,2623.138,2624.787,1361,59.646917910120145,2622.985285714286,2619.4670588235313,3.518226890754704,0.0,2623.138,2626.579
2024-12-30 03:15:00,2624.861,2628.111,2624.465,2627.077,1215,66.02876364229844,2623.4901904761905,2619.580980392159,3.909210084031656,0.0,2624.465,2623.485
2024-12-30 03:30:00,2627.077,2628.104,2626.752,2626.926,964,65.29546854417174,2623.9998571428573,2619.740745098041,4.2591120448164475,0.0,2626.752,2623.578
2024-12-30 03:45:00,2626.932,2627.381,2625.465,2626.579,960,63.548879526809664,2624.363761904762,2619.936470588237,4.427291316525043,0.0,2625.465,2622.609
2024-12-30 04:00:00,2626.567,2626.567,2623.317,2623.485,822,50.561937359569434,2624.4524285714288,2620.1037058823545,4.348722689074293,0.0,2623.317,2622.243
2024-12-30 04:15:00,2623.488,2624.726,2623.257,2623.578,735,50.886833288060416,2624.4778571428574,2620.2458627450997,4.231994397757717,0.0,2623.257,2623.344
2024-12-30 04:30:00,2623.609,2623.73,2621.488,2622.609,831,47.39209809785773,2624.418428571428,2620.3801372549033,4.038291316524919,0.0,2621.488,2622.563
2024-12-30 04:45:00,2622.6,2623.563,2621.508,2622.243,1236,46.10417164609287,2624.2985714285714,2620.5203137254916,3.7782577030798166,0.0,2621.508,2622.16
2024-12-30 05:00:00,2622.205,2623.591,2621.675,2623.344,1021,50.46517736674871,2624.2656666666667,2620.6870980392173,3.5785686274493855,0.0,2621.675,2623.748
2024-12-30 05:15:00,2623.319,2624.205,2622.388,2622.563,976,47.527367639505364,2624.1819047619047,2620.7930196078446,3.3888851540600626,0.0,2622.388,2622.913
2024-12-30 05:30:00,2622.515,2622.662,2620.479,2622.16,1610,46.03804952481209,2624.084428571429,2620.871960784315,3.2124677871138374,0.0,2620.479,2623.036
2024-12-30 05:45:00,2622.136,2623.859,2621.335,2623.748,1194,52.37150478105343,2624.0914285714284,2621.0104901960794,3.0809383753489783,0.0,2621.335,2620.159
2024-12-30 06:00:00,2623.708,2624.674,2622.75,2622.913,1336,49.10770600189885,2624.1084761904763,2621.0873529411774,3.021123249298853,0.0,2622.75,2619.131
2024-12-30 06:15:00,2622.913,2623.421,2621.877,2623.036,1175,49.60591459052605,2624.084619047619,2621.194156862746,2.890462184873286,0.0,2621.877,2619.015
2024-12-30 06:30:00,2623.082,2623.085,2619.816,2620.159,1408,39.793230560505286,2623.8399047619046,2621.238490196079,2.6014145658255075,0.0,2619.816,2619.027
2024-12-30 06:45:00,2620.176,2620.176,2618.319,2619.131,1597,36.97847138197754,2623.5241428571426,2621.3100588235297,2.214084033612835,0.0,2618.319,2616.88
2024-12-30 07:00:00,2619.098,2619.908,2616.893,2619.015,1365,36.663324189345374,2623.270285714286,2621.37137254902,1.8989131652656397,0.0,2616.893,2616.784
2024-12-30 07:15:00,2619.019,2620.028,2618.636,2619.027,1261,36.72340220074807,2623.0490476190475,2621.43068627451,1.618361344537334,0.0,2618.636,2615.423
2024-12-30 07:30:00,2619.03,2619.302,2616.611,2616.88,1296,31.04874296843938,2622.715238095238,2621.451098039216,1.2641400560219154,0.0,2616.611,2615.139
2024-12-30 07:45:00,2616.92,2617.698,2615.813,2616.784,1267,30.819421228417365,2622.381380952381,2621.430274509805,0.9511064425760196,0.0,2615.813,2613.699
2024-12-30 08:00:00,2616.758,2617.456,2615.192,2615.423,1343,27.696263200762473,2621.974619047619,2621.4001568627464,0.5744621848725728,0.0,2615.192,2611.875
2024-12-30 08:15:00,2615.405,2615.955,2614.578,2615.139,1528,27.079588072570477,2621.5151904761906,2621.3124901960796,0.20270028011100294,0.0,2614.578,2613.183
2024-12-30 08:30:00,2615.147,2616.036,2613.398,2613.699,1410,24.144131388362236,2620.8781428571433,2621.214647058825,-0.3365042016816915,-1.0,2613.398,2616.312
2024-12-30 08:45:00,2613.714,2614.189,2609.234,2611.875,2348,21.033851629979097,2620.161428571429,2621.102411764707,-0.9409831932780435,0.0,2609.234,2613.025
2024-12-30 09:00:00,2611.935,2613.557,2611.404,2613.183,1354,28.178935026525732,2619.5235238095242,2620.9953529411778,-1.4718291316535215,0.0,2611.404,2612.82
2024-12-30 09:15:00,2613.188,2616.504,2613.049,2616.312,1357,41.75585158886438,2619.1819523809527,2620.9337058823544,-1.7517535014017085,0.0,2613.049,2614.168
2024-12-30 09:30:00,2616.35,2617.52,2612.928,2613.025,1717,34.399251814942,2618.6794285714286,2620.7835098039227,-2.1040812324940816,0.0,2612.928,2614.379
2024-12-30 09:45:00,2613.02,2614.546,2611.995,2612.82,1501,33.99696227743906,2618.213285714286,2620.7373921568637,-2.524106442577704,0.0,2611.995,2612.489
2024-12-30 10:00:00,2612.823,2614.849,2612.469,2614.168,1308,39.04496993921656,2617.828761904762,2620.755627450981,-2.926865546219233,0.0,2612.469,2610.564
2024-12-30 10:15:00,2614.128,2615.243,2613.807,2614.379,1269,39.82082316619447,2617.4018571428574,2620.773921568628,-3.3720644257705317,0.0,2613.807,2612.998
2024-12-30 10:30:00,2614.339,2614.609,2611.534,2612.489,1535,35.46621666915184,2616.922142857143,2620.7149019607846,-3.7927591036414015,0.0,2611.534,2615.989
2024-12-30 10:45:00,2612.542,2613.059,2610.515,2610.564,1173,31.66774075591755,2616.3699523809523,2620.5990196078433,-4.2290672268909475,0.0,2610.515,2618.313
2024-12-30 11:00:00,2610.529,2614.201,2609.092,2612.998,1543,40.36478757266772,2615.8580476190477,2620.535784313726,-4.67773669467806,0.0,2609.092,2616.332
2024-12-30 11:15:00,2612.978,2616.594,2612.827,2615.989,1241,48.96136537832428,2615.528333333333,2620.477980392157,-4.949647058823757,0.0,2612.827,2617.988
2024-12-30 11:30:00,2615.971,2618.484,2614.403,2618.313,1729,54.45509207377208,2615.303428571429,2620.413078431373,-5.1096498599440565,0.0,2614.403,2618.283
2024-12-30 11:45:00,2618.318,2618.71,2616.152,2616.332,1125,49.558240745787174,2615.121190476191,2620.2814705882356,-5.160280112044802,0.0,2616.152,2618.87
2024-12-30 12:00:00,2616.332,2618.486,2615.731,2617.988,1122,53.33589255277826,2615.066761904762,2620.166392156863,-5.099630252100724,0.0,2615.731,2621.556
2024-12-30 12:15:00,2617.973,2618.66,2615.663,2618.283,1179,53.99683820387473,2615.031904761905,2620.039392156863,-5.007487394957934,0.0,2615.663,2619.163
2024-12-30 12:30:00,2618.307,2620.164,2617.473,2618.87,1355,55.35198308401187,2615.024428571429,2619.9381176470592,-4.913689075630373,0.0,2617.473,2621.807
2024-12-30 12:45:00,2618.847,2622.447,2618.723,2621.556,1210,61.01158878399554,2615.2470952380954,2619.8838823529413,-4.636787114845902,0.0,2618.723,2613.199
2024-12-30 13:00:00,2621.529,2622.469,2618.952,2619.163,2118,54.39594787801069,2615.360380952381,2619.784980392157,-4.424599439776102,0.0,2618.952,2606.716
2024-12-30 13:15:00,2619.11,2622.635,2617.9,2621.807,2479,59.607464638642305,2615.664380952381,2619.749803921569,-4.085422969187675,0.0,2617.9,2611.849
2024-12-30 13:30:00,2621.833,2622.365,2612.429,2613.199,3070,42.55641183233707,2615.572,2619.566352941177,-3.9943529411766576,0.0,2612.429,2612.37
2024-12-30 13:45:00,2613.249,2614.44,2606.416,2606.716,3330,34.54222736389716,2615.239476190476,2619.2365294117653,-3.9970532212892067,0.0,2606.416,2606.35
2024-12-30 14:00:00,2606.679,2612.193,2605.349,2611.849,3059,43.59877713068566,2615.238238095238,2618.9728235294124,-3.734585434174278,0.0,2605.349,2611.517
2024-12-30 14:15:00,2611.885,2613.805,2611.257,2612.37,2075,44.439053847505654,2615.199523809524,2618.7102352941183,-3.5107114845941396,0.0,2611.257,2603.875
2024-12-30 14:30:00,2612.402,2612.402,2605.396,2606.35,3094,37.48909521050564,2614.7251428571435,2618.35737254902,-3.632229691876546,0.0,2605.396,2602.922
2024-12-30 14:45:00,2606.378,2612.023,2606.365,2611.517,3165,45.38427100691567,2614.6533333333336,2618.1190196078437,-3.4656862745100625,0.0,2606.365,2602.497
2024-12-30 15:00:00,2611.55,2611.716,2600.834,2603.875,3918,37.78344446084746,2614.2273809523813,2617.726568627452,-3.499187675070516,0.0,2600.834,2601.599
2024-12-30 15:15:00,2603.915,2605.928,2602.378,2602.922,3293,36.95231690326812,2613.6918571428578,2617.317294117648,-3.6254369747903183,0.0,2602.378,2600.356
2024-12-30 15:30:00,2602.898,2603.76,2599.597,2602.497,3645,36.56601708314728,2613.126047619048,2616.8963529411776,-3.7703053221293885,0.0,2599.597,2596.427
2024-12-30 15:45:00,2602.461,2604.368,2600.824,2601.599,2970,35.716401215043426,2612.607476190477,2616.441686274511,-3.834210084034112,0.0,2600.824,2600.571
2024-12-30 16:00:00,2601.613,2602.798,2599.961,2600.356,2448,34.52074961230765,2612.1213809523815,2615.917745098041,-3.7963641456594814,0.0,2599.961,2599.729
2024-12-30 16:15:00,2600.313,2601.595,2596.042,2596.427,2517,30.989363555108973,2611.3322857142866,2615.3197254901975,-3.9874397759108433,0.0,2596.042,2603.161
2024-12-30 16:30:00,2596.485,2600.724,2596.485,2600.571,2299,38.1733143247484,2610.598095238096,2614.8097647058835,-4.2116694677874875,0.0,2596.485,2603.276
2024-12-30 16:45:00,2600.559,2600.861,2598.799,2599.729,2011,37.3231504662591,2609.7131428571433,2614.343960784315,-4.630817927171847,0.0,2598.799,2602.23
2024-12-30 17:00:00,2599.779,2603.706,2599.779,2603.161,2149,42.90479620454981,2609.0859523809527,2613.943627450982,-4.857675070029472,0.0,2599.779,2605.141
2024-12-30 17:15:00,2603.196,2603.934,2601.573,2603.276,1809,43.08768899074808,2608.385380952381,2613.56454901961,-5.179168067228602,0.0,2601.573,2604.81
2024-12-30 17:30:00,2603.214,2603.837,2601.374,2602.23,1676,41.776844685523706,2607.620952380953,2613.1721372549036,-5.55118487395066,0.0,2601.374,2605.053
2024-12-30 17:45:00,2602.262,2605.558,2602.163,2605.141,1700,46.641958402549484,2606.967190476191,2612.815215686276,-5.848025210085325,0.0,2602.163,2604.491
2024-12-30 18:00:00,2605.181,2605.508,2604.028,2604.81,1764,46.16954380012141,2606.1697619047623,2612.4671176470606,-6.29735574229835,0.0,2604.028,2606.125
2024-12-30 18:15:00,2604.83,2606.415,2603.661,2605.053,1673,46.59717924651295,2605.4978571428574,2612.131686274511,-6.633829131653783,0.0,2603.661,2604.957
2024-12-30 18:30:00,2605.091,2605.796,2603.4,2604.491,1422,45.69309084520533,2604.673285714286,2611.754098039217,-7.0808123249307755,0.0,2603.4,2604.372
2024-12-30 18:45:00,2604.44,2606.734,2604.13,2606.125,1115,48.80332743218393,2604.336428571429,2611.4249215686286,-7.08849299719941,0.0,2604.13,2607.021
2024-12-30 19:00:00,2606.12,2606.561,2604.644,2604.957,1267,46.7425721533247,2604.252666666667,2611.07043137255,-6.817764705882837,0.0,2604.644,2607.122
2024-12-30 19:15:00,2604.963,2605.631,2603.638,2604.372,1312,45.70167736436102,2603.8966190476194,2610.760882352942,-6.8642633053227655,0.0,2603.638,2607.598
2024-12-30 19:30:00,2604.383,2607.221,2604.134,2607.021,1296,51.02054244259519,2603.641904761905,2610.5234313725505,-6.881526610645324,0.0,2604.134,2608.088
2024-12-30 19:45:00,2607.02,2608.39,2606.248,2607.122,1183,51.216755245834555,2603.6786666666676,2610.2902352941187,-6.611568627451106,0.0,2606.248,2608.67
2024-12-30 20:00:00,2607.169,2608.242,2606.461,2607.598,1226,52.188859266619744,2603.492047619048,2610.066137254903,-6.574089635854762,0.0,2606.461,2607.789
2024-12-30 20:15:00,2607.648,2609.533,2607.383,2608.088,1282,53.222228191926376,2603.6926666666673,2609.8937450980397,-6.20107843137248,0.0,2607.383,2607.125
2024-12-30 20:30:00,2608.11,2609.157,2607.41,2608.67,1258,54.4806717000623,2603.9663809523818,2609.734647058824,-5.768266106442297,0.0,2607.41,2607.747
2024-12-30 20:45:00,2608.637,2609.399,2607.461,2607.789,1324,52.19173624907458,2604.2183809523813,2609.5849607843147,-5.36657983193345,0.0,2607.461,2607.162
2024-12-30 21:00:00,2607.816,2608.034,2606.93,2607.125,709,50.47063386738094,2604.4815238095243,2609.4278235294128,-4.9462997198884295,0.0,2606.93,2606.303
2024-12-30 21:15:00,2607.161,2607.936,2606.716,2607.747,516,52.06527225517539,2604.8334761904766,2609.3111176470597,-4.477641456583115,0.0,2606.716,2604.322
2024-12-30 21:30:00,2607.751,2607.944,2606.513,2607.162,448,50.421046433896166,2605.344666666667,2609.2187058823542,-3.8740392156873895,0.0,2606.513,2604.66
2024-12-30 21:45:00,2607.101,2607.278,2605.828,2606.303,462,48.02285799853917,2605.617619047619,2609.08380392157,-3.4661848739510788,0.0,2605.828,2606.152
2024-12-30 23:00:00,2606.636,2606.744,2604.107,2604.322,680,42.949395021445994,2605.8363333333336,2608.848705882354,-3.012372549020256,0.0,2604.107,2606.677
2024-12-30 23:15:00,2604.323,2604.937,2603.86,2604.66,488,44.03578025525827,2605.9077142857145,2608.684686274511,-2.776971988796504,0.0,2603.86,2605.317
2024-12-30 23:30:00,2604.658,2606.4,2604.604,2606.152,507,48.68131708858805,2606.044666666667,2608.5539411764717,-2.509274509804527,0.0,2604.604,2606.891
2024-12-30 23:45:00,2606.152,2607.324,2606.152,2606.677,562,50.2463573024848,2606.256428571429,2608.40705882353,-2.1506302521011094,0.0,2606.152,2606.806
2024-12-31 00:00:00,2606.717,2606.875,2605.116,2605.317,524,46.30670271894307,2606.26480952381,2608.2293725490204,-1.964563025210282,0.0,2605.116,2607.724
2024-12-31 00:15:00,2605.279,2607.177,2605.019,2606.891,492,51.08673390112381,2606.3639047619054,2608.119607843138,-1.7557030812326957,0.0,2605.019,2607.687
2024-12-31 00:30:00,2606.896,2607.444,2606.397,2606.806,659,50.82360111150807,2606.4473809523815,2608.0459215686283,-1.598540616246737,0.0,2606.397,2610.194
2024-12-31 00:45:00,2606.82,2608.672,2606.66,2607.724,711,53.603086294640725,2606.601333333334,2607.9425098039223,-1.3411764705883797,0.0,2606.66,2609.541
2024-12-31 01:00:00,2607.701,2608.115,2606.657,2607.687,1452,53.47190346008646,2606.6757142857145,2607.7797254901966,-1.104011204482049,0.0,2606.657,2608.957
2024-12-31 01:15:00,2607.686,2610.236,2607.686,2610.194,1154,60.52178770874561,2606.9250952380958,2607.6205294117653,-0.6954341736695824,0.0,2607.686,2608.257
2024-12-31 01:30:00,2610.222,2611.606,2608.988,2609.541,1606,58.05435653731033,2607.1712380952386,2607.48737254902,-0.31613445378161487,0.0,2608.988,2609.145
2024-12-31 01:45:00,2609.504,2610.118,2608.161,2608.957,1539,55.86091679816671,2607.263428571429,2607.310294117648,-0.046865546219123644,0.0,2608.161,2608.528
2024-12-31 02:00:00,2608.952,2609.631,2608.009,2608.257,1305,53.26322155816994,2607.317476190476,2607.113705882354,0.20377030812187513,1.0,2608.009,2607.115
2024-12-31 02:15:00,2608.283,2609.536,2608.097,2609.145,856,56.05504997530826,2607.3911428571428,2606.9230196078443,0.46812324929851457,0.0,2608.097,2607.095
2024-12-31 02:30:00,2609.133,2609.485,2608.19,2608.528,1033,53.65670933580957,2607.412095238095,2606.667568627452,0.744526610642879,0.0,2608.19,2607.11
2024-12-31 02:45:00,2608.495,2608.495,2606.852,2607.115,924,48.535235643886026,2607.3380476190473,2606.4313333333344,0.9067142857129511,0.0,2606.852,2605.704
2024-12-31 03:00:00,2607.052,2607.439,2605.381,2607.095,1305,48.46472264906454,2607.305,2606.142862745099,1.1621372549006992,0.0,2605.381,2604.613
2024-12-31 03:15:00,2607.028,2607.573,2606.394,2607.11,1083,48.525124919853965,2607.3042857142855,2606.0234705882363,1.2808151260492195,0.0,2606.394,2605.266
2024-12-31 03:30:00,2607.097,2607.519,2605.498,2605.704,777,43.39141625947456,2607.207,2606.0036274509816,1.2033725490182405,0.0,2605.498,2605.225
2024-12-31 03:45:00,2605.708,2605.72,2603.507,2604.613,1114,39.86688793385904,2607.085619047619,2605.86174509804,1.223873949578774,0.0,2603.507,2606.667
2024-12-31 04:00:00,2604.612,2605.545,2604.294,2605.266,891,42.85860901728859,2607.036238095238,2605.722450980393,1.313787114844672,0.0,2604.294,2606.559
2024-12-31 04:15:00,2605.288,2605.628,2605.003,2605.225,886,42.71491379958928,2607.079238095238,2605.700392156864,1.37884593837407,0.0,2605.003,2607.579
2024-12-31 04:30:00,2605.261,2607.057,2605.0,2606.667,712,49.1698469279007,2607.1748095238095,2605.605294117648,1.569515406161372,0.0,2605.0,2607.04
2024-12-31 04:45:00,2606.687,2607.14,2606.154,2606.559,735,48.726990508709214,2607.1941904761907,2605.657921568629,1.5362689075618619,0.0,2606.154,2606.139
2024-12-31 05:00:00,2606.515,2607.662,2606.297,2607.579,743,53.02975896693637,2607.2371428571428,2605.749235294119,1.4879075630237821,0.0,2606.297,2604.355
2024-12-31 05:15:00,2607.577,2608.15,2606.839,2607.04,735,50.612675012469985,2607.31919047619,2605.838313725492,1.4808767506983713,0.0,2606.839,2605.107
2024-12-31 05:30:00,2607.037,2607.05,2605.223,2606.139,1056,46.774686448914906,2607.283380952381,2605.927333333335,1.3560476190459667,0.0,2605.223,2607.8
2024-12-31 05:45:00,2606.104,2606.88,2602.591,2604.355,1342,40.26413854215504,2607.1666666666665,2606.005745098041,1.1609215686253265,0.0,2602.591,2606.494
2024-12-31 06:00:00,2604.367,2605.371,2603.547,2605.107,1242,43.81423863769548,2607.0420476190475,2606.1759411764724,0.8661064425750737,0.0,2603.547,2607.866
2024-12-31 06:15:00,2605.052,2608.42,2604.427,2607.8,1703,54.29067288175236,2607.047428571429,2606.3176862745113,0.7297422969177205,0.0,2604.427,2608.49
2024-12-31 06:30:00,2607.839,2608.333,2605.96,2606.494,1540,49.472902285622474,2606.8712380952384,2606.4503333333346,0.4209047619037847,0.0,2605.96,2608.046
2024-12-31 06:45:00,2606.471,2608.651,2606.403,2607.866,1249,54.08280596239402,2606.7914761904767,2606.5425882352956,0.24888795518108964,0.0,2606.403,2611.359
2024-12-31 07:00:00,2607.881,2609.278,2607.441,2608.49,1023,56.04694283008349,2606.769238095238,2606.6448235294133,0.1244145658247362,0.0,2607.441,2613.694
2024-12-31 07:15:00,2608.482,2608.737,2607.325,2608.046,1029,54.26815350141476,2606.7591904761907,2606.7588627450996,0.00032773109114714316,0.0,2607.325,2614.29
2024-12-31 07:30:00,2608.084,2611.436,2608.057,2611.359,1299,63.561228855147476,2606.8646190476193,2606.880784313727,-0.016165266107691423,-1.0,2608.057,2613.186
2024-12-31 07:45:00,2611.341,2614.143,2611.327,2613.694,1521,68.43044753356335,2607.1106190476194,2607.054980392158,0.055638655461279996,1.0,2611.327,2616.083
2024-12-31 08:00:00,2613.735,2614.953,2612.893,2614.29,1452,69.5489622752978,2607.4522857142865,2607.236098039217,0.2161876750697047,0.0,2612.893,2616.564
2024-12-31 08:15:00,2614.271,2615.061,2612.829,2613.186,1401,64.95790418051219,2607.742333333334,2607.406588235295,0.3357450980388421,0.0,2612.829,2613.912
2024-12-31 08:30:00,2613.211,2616.99,2612.839,2616.083,1565,70.46714409779811,2608.1696190476196,2607.6018431372563,0.5677759103632525,0.0,2612.839,2615.16
2024-12-31 08:45:00,2616.073,2617.796,2614.971,2616.564,1306,71.2746545228645,2608.6867619047625,2607.829431372551,0.857330532211563,0.0,2614.971,2614.529
2024-12-31 09:00:00,2616.564,2616.883,2613.7,2613.912,1422,61.31937343720109,2609.129571428572,2608.01649019608,1.1130812324918224,0.0,2613.7,2615.218
2024-12-31 09:15:00,2613.917,2615.389,2613.079,2615.16,1254,63.87639966966903,2609.6007142857147,2608.1760784313747,1.4246358543400675,0.0,2613.079,2614.482
2024-12-31 09:30:00,2615.12,2616.405,2614.429,2614.529,1067,61.657059128174275,2610.0437619047625,2608.321313725492,1.7224481792704864,0.0,2614.429,2612.966
2024-12-31 09:45:00,2614.524,2616.277,2614.191,2615.218,1058,63.1621154276442,2610.450952380953,2608.470725490198,1.9802268907546932,0.0,2614.191,2612.354
2024-12-31 10:00:00,2615.258,2615.815,2613.156,2614.482,1545,60.433223348318556,2610.8282380952387,2608.596098039218,2.232140056020853,0.0,2613.156,2611.786
2024-12-31 10:15:00,2614.435,2614.848,2612.81,2612.966,1092,55.147975721906874,2611.0847619047627,2608.6803333333355,2.404428571427161,0.0,2612.81,2612.571
2024-12-31 10:30:00,2612.958,2613.574,2610.893,2612.354,1390,53.127982961128865,2611.33780952381,2608.769843137257,2.567966386553053,0.0,2610.893,2610.224
2024-12-31 10:45:00,2612.359,2613.898,2611.274,2611.786,1300,51.2516509247665,2611.6067142857146,2608.8612352941195,2.745478991595064,0.0,2611.274,2610.458
2024-12-31 11:00:00,2611.798,2614.253,2611.776,2612.571,1237,53.68611613427717,2611.997952380953,2608.9558235294135,3.0421288515394735,0.0,2611.776,2611.051
2024-12-31 11:15:00,2612.548,2612.589,2609.714,2610.224,1185,46.249449050465586,2612.241619047619,2609.0158627451,3.2257563025191303,0.0,2609.714,2610.322
2024-12-31 11:30:00,2610.183,2611.981,2609.882,2610.458,1204,47.037174632223625,2612.3681904761906,2609.097333333335,3.270857142855675,0.0,2609.882,2610.804
2024-12-31 11:45:00,2610.473,2612.05,2610.227,2611.051,1209,49.07400594896198,2612.5851904761907,2609.2292745098057,3.355915966385055,0.0,2610.227,2610.406
2024-12-31 12:00:00,2611.016,2612.05,2609.323,2610.322,1503,46.696478354448026,2612.702142857143,2609.340294117649,3.36184873949378,0.0,2609.323,2611.17
2024-12-31 12:15:00,2610.352,2611.391,2609.473,2610.804,1245,48.47395956389091,2612.8123333333338,2609.4315098039237,3.3808235294100086,0.0,2609.473,2607.745
2024-12-31 12:30:00,2610.776,2611.13,2609.688,2610.406,1300,47.077953176858195,2612.924714285715,2609.5046274509823,3.4200868347325013,0.0,2609.688,2613.792
2024-12-31 12:45:00,2610.326,2612.818,2610.112,2611.17,1348,50.0516392484451,2612.915714285715,2609.6193921568647,3.296322128850079,0.0,2610.112,2612.263
2024-12-31 13:00:00,2611.213,2611.64,2607.713,2607.745,1702,39.37120146131509,2612.632428571429,2609.6361372549036,2.9962913165254577,0.0,2607.713,2613.232
2024-12-31 13:15:00,2607.713,2615.016,2605.302,2613.792,2443,56.87017347083715,2612.608714285715,2609.7731176470606,2.8355966386543514,0.0,2605.302,2613.457
2024-12-31 13:30:00,2613.776,2616.23,2612.209,2612.263,2812,52.72624174830264,2612.5647619047622,2609.8621176470606,2.7026442577016496,0.0,2612.209,2612.107
2024-12-31 13:45:00,2612.287,2614.588,2611.272,2613.232,1915,54.96584471532627,2612.429,2609.970843137256,2.45815686274409,0.0,2611.272,2614.38
2024-12-31 14:00:00,2613.29,2613.541,2611.291,2613.457,2084,55.49310087956978,2612.281047619048,2610.034823529413,2.2462240896347794,0.0,2611.291,2613.634
2024-12-31 14:15:00,2613.382,2614.242,2611.277,2612.107,1754,51.59023953180385,2612.1950952380957,2610.085137254903,2.109957983192544,0.0,2611.277,2618.054
2024-12-31 14:30:00,2612.082,2617.843,2611.621,2614.38,3031,57.06545645614525,2612.1579523809523,2610.191470588237,1.9664817927155127,0.0,2611.621,2618.132
2024-12-31 14:45:00,2614.411,2615.196,2612.358,2613.634,2780,54.87193082229152,2612.115333333333,2610.296901960786,1.8184313725473658,0.0,2612.358,2623.652
2024-12-31 15:00:00,2613.598,2618.183,2612.436,2618.054,2803,63.76030086992075,2612.250380952381,2610.4715882352953,1.7787927170857074,0.0,2612.436,2625.656
2024-12-31 15:15:00,2618.01,2619.567,2617.078,2618.132,2443,63.89544413223466,2612.4241904761902,2610.6599019607856,1.764288515404587,0.0,2617.078,2625.042
2024-12-31 15:30:00,2618.088,2624.966,2617.512,2623.652,2892,71.88577967708527,2612.9330476190476,2610.9841568627457,1.9488907563018074,0.0,2617.512,2623.64
2024-12-31 15:45:00,2623.681,2626.638,2621.379,2625.656,3079,74.12466720675887,2613.5664761904764,2611.348098039216,2.2183781512603673,0.0,2621.379,2625.998
2024-12-31 16:00:00,2625.632,2626.763,2622.661,2625.042,2698,72.22682502485759,2614.1977142857145,2611.6997058823536,2.4980084033609273,0.0,2622.661,2625.395
2024-12-31 16:15:00,2625.096,2625.337,2622.165,2623.64,2322,67.94879874812092,2614.7248095238097,2612.0513921568636,2.673417366946069,0.0,2622.165,2626.464
2024-12-31 16:30:00,2623.661,2626.7,2623.3,2625.998,1913,71.05415626384303,2615.4759523809525,2612.4707058823537,3.005246498598808,0.0,2623.3,2625.461
2024-12-31 16:45:00,2626.017,2627.161,2624.643,2625.395,1881,69.20753069440886,2616.187238095238,2612.8653921568634,3.321845938374736,0.0,2624.643,2623.2
2024-12-31 17:00:00,2625.43,2627.024,2624.452,2626.464,1627,70.66315034428051,2616.9211904761905,2613.2818431372557,3.63934733893484,0.0,2624.452,2624.309
2024-12-31 17:15:00,2626.455,2627.541,2625.141,2625.461,1588,67.44178232547162,2617.6420952380954,2613.650352941177,3.9917422969183463,0.0,2625.141,2623.963
2024-12-31 17:30:00,2625.419,2625.484,2623.16,2623.2,1614,60.72168623114177,2618.2323809523814,2613.9766470588243,4.255733893557135,0.0,2623.16,2626.042
2024-12-31 17:45:00,2623.282,2625.26,2623.282,2624.309,1627,62.68566942041325,2618.8944285714288,2614.304686274511,4.589742296917848,0.0,2623.282,2625.614
2024-12-31 18:00:00,2624.267,2625.527,2623.242,2623.963,1621,61.64993879792443,2619.5036190476194,2614.6365098039228,4.867109243696632,0.0,2623.242,2624.772
2024-12-31 18:15:00,2623.939,2627.233,2622.695,2626.042,1843,65.35412767485396,2620.374904761905,2615.026764705883,5.348140056021748,0.0,2622.695,2626.875
2024-12-31 18:30:00,2626.074,2626.942,2624.972,2625.614,1580,63.98396487136813,2620.9378571428574,2615.443607843138,5.494249299719286,0.0,2624.972,2624.946
2024-12-31 18:45:00,2625.614,2626.741,2624.772,2624.772,1277,61.2628351350965,2621.533523809524,2615.8291960784322,5.70432773109178,0.0,2624.772,2623.236
2024-12-31 19:00:00,2624.879,2627.27,2624.566,2626.875,1169,65.23914659343556,2622.1831904761907,2616.2032156862756,5.979974789915104,0.0,2624.566,2623.872
2024-12-31 19:15:00,2626.885,2626.964,2624.831,2624.946,1259,59.23302508490315,2622.7302857142863,2616.565019607844,6.165266106442232,0.0,2624.831,2623.346
2024-12-31 19:30:00,2624.903,2625.146,2622.878,2623.236,1022,54.44767466489301,2623.2602380952385,2616.8663921568636,6.393845938374852,0.0,2622.878,2623.175
2024-12-31 19:45:00,2623.242,2624.215,2622.852,2623.872,1032,55.87550074739982,2623.7122380952387,2617.1680000000006,6.544238095238143,0.0,2622.852,2622.853
2024-12-31 20:00:00,2623.84,2625.002,2623.167,2623.346,982,54.357957076504114,2624.174714285715,2617.4680000000003,6.706714285714497,0.0,2623.167,2623.216
2024-12-31 20:15:00,2623.394,2623.964,2622.867,2623.175,981,53.845959460207816,2624.418571428572,2617.69968627451,6.718885154061809,0.0,2622.867,2623.95
2024-12-31 20:30:00,2623.175,2623.465,2622.19,2622.853,1042,52.83674078627092,2624.6433809523814,2617.879274509804,6.764106442577486,0.0,2622.19,2624.023
2024-12-31 20:45:00,2622.889,2623.982,2622.633,2623.216,1215,53.88604157269158,2624.6226190476195,2618.0542941176473,6.5683249299722775,0.0,2622.633,2624.526
2024-12-31 21:00:00,2623.181,2624.128,2622.898,2623.95,573,56.01690723807996,2624.541380952381,2618.2653529411764,6.276028011204744,0.0,2622.898,2624.381
2024-12-31 21:15:00,2624.003,2624.336,2623.478,2624.023,414,56.23351639221129,2624.4928571428572,2618.421039215686,6.071817927171196,0.0,2623.478,
2024-12-31 21:30:00,2624.028,2624.677,2623.825,2624.526,340,57.776547192331726,2624.535047619048,2618.577156862745,5.9578907563027315,0.0,2623.825,
2024-12-31 21:45:00,2624.57,2624.925,2624.043,2624.381,580,57.15102650694968,2624.458047619048,2618.782431372549,5.675616246498976,0.0,2624.043,
